SNP,beta,se,pval,n_snps
rs1834481,-0.005790813976007846,0.000589177019621084,0.0,27
rs5744256,-0.0051627493161248384,0.0005884000460717093,0.0,27
rs5744258,-0.005163149726519857,0.0005883490622185884,0.0,27
rs4988359,-0.005160837856852181,0.0005879502221759525,0.0,27
rs5744276,-0.0051608189961983774,0.0005874242600083924,0.0,27
rs5744249,-0.005175605413270956,0.0005874985180637128,0.0,27
rs11606049,-0.005165026549646336,0.0005873257522739753,0.0,27
rs71478720,-0.0051617389224909525,0.0005873302398859707,0.0,27
rs5744292,-0.005163824628955413,0.0005872948263933782,0.0,27
rs3882892,-0.005165572715759895,0.0005873161317080147,0.0,27
rs5744222,-0.005181482515661517,0.0005864952723727265,0.0,27
rs7131094,-0.005187225405671156,0.0005865800314372428,0.0,27
rs7121554,-0.005189409696182014,0.0005866044750257129,0.0,27
rs80011693,-0.005173007902417641,0.0005864509723886765,0.0,27
rs12797880,-0.0051872780273257355,0.0005864983497893942,0.0,27
rs12795478,-0.00525104741843782,0.0005864009227321698,0.0,27
rs36077191,-0.005183620441645346,0.0005858866129974329,0.0,27
rs12420476,-0.005184411619629841,0.000586087541695102,0.0,27
rs71478723,-0.005249878773568306,0.0005862649896535444,0.0,27
rs12796114,-0.005182361332089838,0.0005857327657163392,0.0,27
rs34389688,-0.005242964409530043,0.0005861238204326245,0.0,27
rs12420140,-0.005246237422154239,0.0005860124544734632,0.0,27
rs34006273,-0.00525078866495308,0.0005864329418649022,0.0,27
rs71478724,-0.005248146022993841,0.0005859037550946265,0.0,27
rs75649625,-0.005243080202445681,0.0005858741782952798,0.0,27
rs10891343,-0.005346491109456912,0.000579569147594278,0.0,27
rs4534611,-0.0051714296140563205,0.0005786140935046326,0.0,27
rs630002,-0.005370443982434522,0.0005792205056399181,0.0,27
All SNPs,-0.0052271939897451155,0.0005754529330195213,0.0,28
