SNP,beta,se,pval,n_snps
rs5744258,-0.006070169457070027,0.0007709021673192889,3.3306690738754696e-15,22
rs5744256,-0.006069460897421857,0.0007708865401816432,3.552713678800501e-15,22
rs5744249,-0.0060921141893744615,0.0007713902165437072,2.886579864025407e-15,22
rs4988359,-0.006069678713664679,0.0007708946927135047,3.552713678800501e-15,22
rs36077191,-0.006119650574640669,0.0007721896133833741,2.220446049250313e-15,22
rs11606049,-0.006077156924406621,0.0007702568553301844,3.1086244689504383e-15,22
rs1834481,-0.0067958440051308095,0.0007696022771900095,0.0,22
rs12796114,-0.006112018458264682,0.0007708910926998955,2.220446049250313e-15,22
rs5744292,-0.0060726557110804885,0.0007694577361437076,2.886579864025407e-15,22
rs3882892,-0.006074756682871136,0.0007695170495998805,2.886579864025407e-15,22
rs5744276,-0.006064705440296093,0.0007684842635634222,2.886579864025407e-15,22
rs34006273,-0.006202106561028417,0.0007714092622402949,8.881784197001252e-16,22
rs80011693,-0.006081011137913438,0.0007677970861206293,2.4424906541753444e-15,22
rs71478720,-0.006063084276994275,0.0007672860606614325,2.6645352591003757e-15,22
rs5744222,-0.0060939258732691706,0.0007683675926194567,2.220446049250313e-15,22
rs12420476,-0.006101102607198912,0.0007685907075809237,1.9984014443252818e-15,22
rs7131094,-0.006100511280640873,0.000768478498342777,1.9984014443252818e-15,22
rs7121554,-0.0061032096738971925,0.0007685493836730548,1.9984014443252818e-15,22
rs12797880,-0.006101124012344858,0.0007684877972118643,1.9984014443252818e-15,22
rs12420140,-0.006181357309269676,0.0007690750455103065,8.881784197001252e-16,22
rs71478723,-0.006178963901485096,0.0007685270310607534,8.881784197001252e-16,22
rs71478724,-0.006179514265602136,0.0007683160019008568,8.881784197001252e-16,22
rs5744240,-0.006422921066198569,0.0007672539601560419,0.0,22
All SNPs,-0.006149059363311944,0.0007525018622422209,2.220446049250313e-16,23
