a,se_a,p_a,b,se_b,p_b,indirect,indirect_CI_lower,indirect_CI_upper,total_effect,direct_effect,n_snps_XM,n_snps_MY,cancer,mediator
-0.11577836894359056,0.013813876264529094,0.0,0.0034842081825407724,2.034721798525638e-05,0.0,-0.00040339594043448264,-0.00045657310474310806,-0.00031545237383649326,-0.006149059363311944,-0.005745663422877461,23,7561941,LUSC,monocyte
