exposure,beta,se,pval,ci_lower,ci_upper,n_snps
intercept,0.0008136531612369301,0.00021712872874456835,0.0008238098751104297,0.0003880808528975761,0.0012392254695762842,31
IL18,-0.0026391977207119413,0.0008591194949240899,0.0046974507397526235,-0.004323071930763157,-0.0009553235106607252,31
IL18R1,0.00833044364441106,0.0028449838722215065,0.006705380105352406,0.0027542752548569078,0.013906612033965215,31
