cancer_type,gene,method,n_snps,mean_f,beta (95% CI),p-value
LUAD,IL18,IVW,28,36.56885520833453,-0.0052 (-0.0064–-0.0041),0.00e+00
LUAD,NLRP3,IVW,3,14.171265694643786,-0.0001 (-0.0062–0.0059),9.70e-01
LUAD,IL18R1,IVW,3,14.19143325573227,0.0028 (-0.0025–0.0081),2.93e-01
LUSC,IL18,IVW,23,17.716866843706065,-0.0061 (-0.0076–-0.0047),2.22e-16
LUSC,IL1B,Wald ratio,1,14.111191550237036,-0.0016 (-0.0089–0.0058),6.79e-01
