cancer_type,eqtl_type,gene,method,beta,se,pval,ci_lower,ci_upper,n_snps,mean_f
LUAD,cis,IL18,IVW,-0.0052271939897451155,0.0005754529330195213,0.0,-0.0063550817384633775,-0.0040993062410268535,28,36.56885520833453
LUAD,cis,NLRP3,IVW,-0.0001178128231355894,0.0030864185716360866,0.9695510482359266,-0.006167193223542319,0.00593156757727114,3,14.171265694643786
LUAD,cis,IL18R1,IVW,0.00284417753992594,0.0027046622760805747,0.292990797079381,-0.002456960521191986,0.008145315601043866,3,14.19143325573227
LUSC,cis,IL18,IVW,-0.006149059363311944,0.0007525018622422209,2.220446049250313e-16,-0.007623963013306697,-0.004674155713317191,23,17.716866843706065
LUSC,cis,IL1B,Wald ratio,-0.0015548142664587189,0.003761894305460612,0.6793822828391483,-0.00892812710516152,0.005818498572244081,1,14.111191550237036
