method,beta,se,pval,ci_lower,ci_upper,n_snps,intercept,intercept_se,intercept_p
IVW_fixed,1.8184454410654447e-05,0.000146736464542901,0.9013739135179346,-0.00026941901609343156,0.0003057879249147404,736,,,
IVW_random,1.8184454410654447e-05,0.000146736464542901,0.9013739135179346,-0.00026941901609343156,0.0003057879249147404,736,,,
MR_Egger,1.1538460467656847e-05,0.0001360899877080094,0.9324550245477309,-0.00025519791544004156,0.00027827483637535527,736,6.135849115605795e-05,2.4233193919360546e-05,0.011548801671374337
