Q_statistic,Q_df,Q_pval,analysis
594.1604591492235,735,0.9999558441650908,heterogeneity
